ts,hr,spo2,temp_body,steps_cum,env_temp,humidity,pressure,air_quality,battery,fall_detected,sos,heat_stress,dehydration,label
0,72,96,36.7,8000,30.1,52.9,1012.3,31,87,0,0,0,0,stable
1,75,98,37.0,8003,28.3,57.5,1019.6,20,87,0,0,0,0,stable
2,74,96,36.4,8005,29.1,62.8,1015.9,65,87,0,0,0,0,stable
3,80,95,36.9,8008,23.5,62.3,1015.0,66,87,0,0,0,0,stable
4,62,96,37.0,8008,28.6,67.3,1005.1,68,87,0,0,0,0,stable
5,72,98,36.4,8010,30.2,50.5,1005.8,29,87,0,0,0,0,stable
6,70,96,36.7,8011,26.2,47.3,1004.2,27,87,0,0,0,0,stable
7,74,97,36.6,8013,30.2,57.7,1018.7,78,87,0,0,0,0,stable
8,76,97,36.7,8016,24.3,63.1,1010.0,48,87,0,0,0,0,stable
9,78,96,36.0,8017,28.2,42.7,1006.6,74,87,0,0,0,0,stable
10,67,96,36.3,8017,26.1,52.9,1010.8,88,87,0,0,0,0,stable
11,74,94,36.5,8017,30.1,74.6,1010.1,53,87,0,0,0,0,stable
12,87,96,36.5,8018,27.9,64.7,1019.9,89,87,0,0,0,0,stable
13,91,96,37.2,8018,26.0,73.5,1008.6,59,87,0,0,0,0,stable
14,74,97,36.6,8018,27.5,67.2,1012.1,36,87,0,0,0,0,stable
15,80,97,36.4,8021,27.3,77.4,1010.4,45,87,0,0,0,0,stable
16,72,95,36.5,8024,25.4,60.2,1015.5,63,87,0,0,0,0,stable
17,84,97,36.7,8024,27.8,57.9,1023.8,62,87,0,0,0,0,stable
18,79,97,36.6,8027,26.2,55.5,1018.7,72,87,0,0,0,0,stable
19,75,97,36.3,8027,29.3,41.7,1000.2,32,87,0,0,0,0,stable
20,85,97,36.8,8030,26.6,59.1,1015.5,79,87,0,0,0,0,stable
21,74,99,36.0,8030,30.1,47.8,1007.9,21,87,0,0,0,0,stable
22,91,96,36.8,8031,26.5,69.2,1004.9,41,87,0,0,0,0,stable
23,57,99,36.6,8034,33.2,49.7,1005.4,82,87,0,0,0,0,stable
24,77,97,37.2,8036,27.2,67.4,1015.3,84,87,0,0,0,0,stable
25,82,96,37.1,8036,29.2,42.6,1008.8,50,87,0,0,0,0,stable
26,58,88,36.2,8039,26.3,47.9,1007.6,60,87,0,0,0,0,low_spo2
27,78,96,36.6,8041,25.8,32.8,1016.1,29,87,0,0,0,0,stable
28,85,97,36.5,8043,27.5,61.2,1016.4,28,87,0,0,0,0,stable
29,79,96,37.1,8043,32.8,48.7,1007.5,33,87,0,0,0,0,stable
30,77,96,36.8,8045,28.9,53.6,1016.4,63,87,0,0,0,0,stable
31,77,98,36.7,8045,31.5,63.8,1015.9,55,87,0,0,0,0,stable
32,80,97,37.5,8048,34.1,45.0,1011.3,21,87,0,0,0,0,stable
33,88,90,36.6,8049,26.4,52.4,1013.6,66,87,0,0,0,0,low_spo2
34,85,95,37.2,8050,23.1,50.3,1009.0,72,87,0,0,0,0,stable
35,87,96,37.0,8051,27.0,56.6,1012.2,62,87,0,0,0,0,stable
36,75,95,36.4,8052,23.7,56.1,1010.7,24,87,0,0,0,0,stable
37,77,96,36.9,8053,25.0,57.5,1020.2,71,87,0,0,0,0,stable
38,66,99,37.0,8056,27.5,46.7,1004.3,62,87,0,0,0,0,stable
39,77,96,36.9,8058,27.7,68.1,1014.6,64,87,0,0,0,0,stable
40,73,95,36.3,8059,25.8,54.5,1020.9,20,87,0,0,0,0,stable
41,59,96,36.3,8060,21.4,52.5,1014.4,62,87,0,0,0,0,stable
42,65,95,37.3,8063,32.5,47.9,1019.9,90,87,0,0,0,0,stable
43,79,97,37.3,8065,26.3,39.3,1018.3,58,87,0,0,0,0,stable
44,72,98,36.2,8068,25.9,49.6,1007.7,41,87,0,0,0,0,stable
45,70,96,36.4,8069,24.4,51.7,1009.8,45,87,0,0,0,0,stable
46,75,97,37.2,8072,27.6,42.9,1016.6,44,87,0,0,0,0,stable
47,72,95,36.5,8072,29.0,56.2,1009.5,86,87,0,0,0,0,stable
48,64,97,36.9,8075,27.2,40.3,1000.1,60,87,0,0,0,0,stable
49,90,96,36.2,8078,24.9,68.2,1008.0,80,87,0,0,0,0,stable
50,61,97,36.9,8081,26.0,49.4,1010.1,29,87,0,0,0,0,stable
51,72,96,36.3,8082,33.4,56.8,1020.6,47,87,0,0,0,0,stable
52,81,97,36.3,8085,27.2,41.8,1018.5,22,87,0,0,0,0,stable
53,82,95,36.7,8088,28.2,70.0,1003.1,73,87,0,0,0,0,stable
54,61,96,37.0,8090,21.9,52.8,1013.5,63,87,0,0,0,0,stable
55,67,95,36.6,8090,22.3,66.2,1009.3,23,87,0,0,0,0,stable
56,81,97,36.9,8092,26.6,57.1,1017.3,68,87,0,0,0,0,stable
57,70,99,36.0,8092,30.7,64.3,1013.0,28,87,0,0,0,0,stable
58,76,95,36.7,8092,20.7,49.7,1010.5,80,87,0,0,0,0,stable
59,69,95,36.8,8093,32.6,34.7,1005.0,34,87,0,0,0,0,stable
60,74,96,36.5,8096,31.7,42.4,1017.8,29,87,0,0,0,0,stable
61,61,95,36.7,8096,32.6,58.7,1006.8,25,87,0,0,0,0,stable
62,69,98,36.4,8099,30.6,57.1,1010.9,66,87,0,0,0,0,stable
63,64,95,36.6,8101,24.9,38.2,1005.5,81,87,0,0,0,0,stable
64,59,97,36.4,8101,26.5,53.0,1018.4,79,87,0,0,0,0,stable
65,63,96,36.5,8104,31.0,59.2,1021.7,63,87,0,0,0,0,stable
66,72,98,37.1,8105,25.4,68.7,1017.1,82,87,0,0,0,0,stable
67,68,96,36.1,8105,28.7,60.9,1015.0,51,87,0,0,0,0,stable
68,70,98,36.2,8107,28.6,48.4,1017.4,59,87,0,0,0,0,stable
69,73,97,36.8,8108,29.4,60.9,1020.6,55,87,0,0,0,0,stable
70,70,93,36.4,8109,27.6,52.3,1017.5,58,87,0,0,0,0,stable
71,83,97,36.5,8110,36.0,44.2,1006.6,33,87,0,0,0,0,stable
72,81,95,36.3,8110,28.6,54.7,1022.9,34,87,0,0,0,0,stable
73,77,95,37.2,8111,29.9,64.1,1001.7,30,87,0,0,0,0,stable
74,78,96,36.7,8112,23.9,56.6,1008.2,76,87,0,0,0,0,stable
75,70,98,36.2,8112,29.7,61.5,1011.9,47,87,0,0,0,0,stable
76,73,97,36.7,8115,31.8,42.2,1015.1,57,87,0,0,0,0,stable
77,80,97,36.5,8116,33.8,70.6,1008.9,45,87,0,0,0,0,stable
78,65,97,36.2,8116,22.8,71.5,1016.2,56,87,0,0,0,0,stable
79,65,97,36.6,8119,30.9,42.5,1015.6,75,87,0,0,0,0,stable
80,72,95,37.0,8119,28.4,69.9,1013.0,54,87,0,0,0,0,stable
81,61,96,36.9,8121,31.2,60.5,1019.0,82,87,0,0,0,0,stable
82,82,96,36.4,8122,29.4,47.6,1019.7,56,87,0,0,0,0,stable
83,69,95,36.7,8124,27.2,43.2,1024.9,71,87,0,0,0,0,stable
84,83,95,37.5,8124,28.0,58.6,1017.4,83,87,0,0,0,0,stable
85,64,95,36.8,8127,31.6,63.4,1009.1,23,87,0,0,0,0,stable
86,84,96,36.7,8130,29.8,81.0,1021.6,34,87,0,0,0,0,stable
87,70,97,36.9,8132,24.9,45.1,1015.9,80,87,0,0,0,0,stable
88,74,98,36.0,8133,32.5,60.3,1010.0,73,87,0,0,0,0,stable
89,66,98,36.7,8136,28.2,62.2,1008.9,81,87,0,0,0,0,stable
90,68,98,36.3,8137,27.1,62.3,1012.6,69,87,0,0,0,0,stable
91,75,99,37.3,8140,29.3,43.9,1017.8,39,87,0,0,0,0,stable
92,71,97,36.2,8143,27.9,72.8,1019.4,21,87,0,0,0,0,stable
93,72,95,36.6,8145,26.6,46.9,1019.5,30,87,0,0,0,0,stable
94,83,95,36.9,8148,25.7,56.9,1012.0,28,87,0,0,0,0,stable
95,75,98,36.6,8148,30.1,56.0,1005.2,32,87,0,0,0,0,stable
96,62,97,36.8,8150,27.5,48.3,1017.1,51,87,0,0,0,0,stable
97,63,96,36.8,8153,26.2,49.6,1010.5,38,87,0,0,0,0,stable
98,75,98,36.1,8156,29.1,67.2,1008.6,40,87,0,0,0,0,stable
99,91,98,37.0,8158,27.8,46.8,1014.1,69,87,0,0,0,0,stable
100,76,96,36.4,8160,29.9,73.6,1014.3,70,87,0,0,0,0,stable
101,72,91,36.4,8162,23.4,56.2,1009.4,65,87,0,0,0,0,low_spo2
102,75,97,36.7,8163,33.0,40.0,1005.2,25,87,0,0,0,0,stable
103,70,98,36.1,8165,25.7,50.2,1017.6,45,87,0,0,0,0,stable
104,80,98,37.2,8166,27.3,54.2,1022.3,81,87,0,0,0,0,stable
105,80,96,37.2,8166,24.1,71.5,1023.1,70,87,0,0,0,0,stable
106,119,96,39.0,8168,32.0,48.0,1006.4,68,87,0,0,1,1,dehydration
107,122,94,39.3,8170,29.4,61.1,1011.2,28,87,0,0,1,1,high_hr
108,68,95,36.5,8170,23.9,63.0,1011.6,83,87,0,0,0,0,stable
109,78,97,36.3,8173,27.3,41.3,1008.8,73,87,0,0,0,0,stable
110,65,95,36.0,8175,23.3,57.2,1018.3,50,87,0,0,0,0,stable
111,76,96,36.5,8177,24.5,62.5,1014.5,35,87,0,0,0,0,stable
112,88,96,36.9,8177,29.1,63.6,1014.4,36,87,0,0,0,0,stable
113,75,96,36.9,8178,24.7,52.3,1015.5,20,87,0,0,0,0,stable
114,70,100,37.2,8178,27.7,53.8,1012.0,21,87,0,0,0,0,stable
115,65,98,36.6,8179,27.7,54.4,1006.9,28,87,0,0,0,0,stable
116,60,97,36.5,8179,27.9,51.9,1002.2,86,87,0,0,0,0,stable
117,70,98,38.1,8182,30.1,50.5,1007.7,76,87,0,0,0,0,stable
118,76,97,36.6,8184,27.3,45.1,1017.6,57,87,0,0,0,0,stable
119,63,97,37.2,8185,30.7,36.1,1017.5,72,87,0,0,0,0,stable
120,69,98,36.5,8187,28.7,50.9,1015.0,80,87,0,0,0,0,stable
121,87,97,36.9,8188,28.7,42.5,1010.7,62,87,0,0,0,0,stable
122,70,95,37.4,8188,22.9,68.3,1011.7,65,87,0,0,0,0,stable
123,81,97,37.0,8190,30.8,60.4,1009.0,55,87,0,0,0,0,stable
124,61,96,37.3,8190,21.3,43.7,1008.4,54,87,0,0,0,0,stable
125,80,97,36.8,8191,21.3,63.8,1008.3,71,87,0,0,0,0,stable
126,85,97,36.9,8194,27.8,47.0,1015.2,67,87,0,0,0,0,stable
127,71,97,37.2,8195,26.5,62.6,1018.8,30,87,0,0,0,0,stable
128,72,98,36.3,8195,28.3,52.3,1015.0,82,87,0,0,0,0,stable
129,67,96,36.9,8196,36.5,52.8,1016.3,37,87,0,0,0,0,stable
130,74,96,37.0,8197,30.4,43.6,1018.3,84,87,0,0,0,0,stable
131,62,96,36.5,8200,30.4,77.4,1014.3,60,87,0,0,0,0,stable
132,64,96,36.6,8200,25.0,61.0,1012.4,78,87,0,0,0,0,stable
133,82,94,37.4,8203,31.0,45.1,1012.2,59,87,0,0,0,0,stable
134,73,96,36.7,8204,26.8,62.7,1010.4,38,87,0,0,0,0,stable
135,74,97,36.9,8204,31.9,62.6,1020.7,83,87,0,0,0,0,stable
136,63,97,36.2,8206,25.8,64.2,1007.7,39,87,0,0,0,0,stable
137,65,97,36.2,8208,24.1,46.4,1012.8,77,87,0,0,0,0,stable
138,81,97,36.6,8208,32.2,46.1,1009.1,79,87,0,0,0,0,stable
139,56,95,36.7,8209,27.1,50.1,1018.1,39,87,0,0,0,0,stable
140,82,96,37.0,8209,22.7,48.8,1012.9,51,87,0,0,0,0,stable
141,67,93,36.2,8211,27.4,41.9,1018.6,26,87,0,0,0,0,stable
142,76,95,36.9,8213,28.5,54.8,1022.8,39,87,0,0,0,0,stable
143,68,98,36.9,8216,30.2,65.8,1018.7,30,87,0,0,0,0,stable
144,71,98,36.9,8216,22.7,48.6,1008.8,66,87,0,0,0,0,stable
145,80,97,37.0,8217,27.2,55.8,1015.7,29,87,0,0,0,0,stable
146,70,99,36.2,8217,27.8,44.3,1004.3,36,87,0,0,0,0,stable
147,70,96,37.0,8218,32.2,54.5,1011.5,66,87,0,0,0,0,stable
148,71,96,36.4,8221,28.8,55.7,1016.7,80,87,0,0,0,0,stable
149,78,96,36.5,8223,24.5,57.1,1007.2,73,87,0,0,0,0,stable
150,88,96,36.8,8226,26.4,63.9,1008.5,33,87,0,0,0,0,stable
151,71,95,36.8,8229,28.9,59.7,1011.4,75,87,0,0,0,0,stable
152,88,98,37.0,8232,22.3,66.2,1014.9,50,87,0,0,0,0,stable
153,71,97,36.8,8234,30.6,56.4,1010.4,56,87,0,0,0,0,stable
154,81,96,37.0,8234,23.6,56.6,1012.5,47,87,0,0,0,0,stable
155,79,95,36.6,8236,24.4,55.4,1015.5,50,87,0,0,0,0,stable
156,61,98,36.5,8236,28.4,46.2,1008.2,38,87,0,0,0,0,stable
157,73,97,36.4,8236,31.1,45.6,1012.3,87,87,0,0,0,0,stable
158,60,96,36.6,8236,28.0,36.5,1002.4,52,87,0,0,0,0,stable
159,73,95,37.0,8236,28.9,57.2,1004.9,62,87,0,0,0,0,stable
160,78,97,36.4,8239,31.7,66.3,1012.3,43,87,0,0,0,0,stable
161,75,96,36.8,8239,24.7,60.3,1002.9,60,87,0,0,0,0,stable
162,82,96,37.2,8240,27.7,50.5,1022.7,26,87,0,0,0,0,stable
163,78,96,37.0,8243,30.0,62.8,1010.0,43,87,0,0,0,0,stable
164,64,97,37.1,8246,26.3,66.9,1016.2,43,87,0,0,0,0,stable
165,67,96,37.2,8249,30.1,60.4,1017.7,77,87,0,0,0,0,stable
166,89,97,35.8,8249,36.5,67.7,1016.2,66,87,0,0,0,0,stable
167,60,96,36.8,8252,28.6,58.6,1013.4,66,87,0,0,0,0,stable
168,61,99,36.9,8254,28.3,43.2,1019.1,37,87,0,0,0,0,stable
169,66,96,36.5,8255,26.2,45.1,1013.0,35,87,0,0,0,0,stable
170,73,97,35.4,8258,31.3,56.7,1015.6,29,87,0,0,0,0,stable
171,57,97,36.5,8260,28.4,47.2,1006.2,90,87,0,0,0,0,stable
172,57,96,37.1,8261,24.2,58.2,1007.3,35,87,0,0,0,0,stable
173,88,96,36.7,8263,31.5,27.0,1015.9,36,87,0,0,0,0,stable
174,71,96,36.1,8266,39.0,57.2,1003.8,29,87,0,0,0,0,stable
175,78,97,37.1,8267,29.5,67.5,1007.0,43,87,0,0,0,0,stable
176,74,96,35.9,8268,27.9,53.0,1015.8,48,87,0,0,0,0,stable
177,63,99,37.3,8270,24.4,61.0,1016.0,88,87,0,0,0,0,stable
178,83,97,36.3,8272,25.8,62.1,1007.6,23,87,0,0,0,0,stable
179,91,98,36.7,8275,25.7,53.2,1012.2,89,87,0,0,0,0,stable
180,69,99,36.0,8277,28.6,40.4,1015.2,40,87,0,0,0,0,stable
181,65,97,36.9,8279,31.9,53.0,1003.1,71,87,0,0,0,0,stable
182,79,97,36.4,8281,27.0,49.8,1013.9,26,87,0,0,0,0,stable
183,72,98,36.5,8282,26.5,64.0,1002.3,60,87,0,0,0,0,stable
184,75,97,37.1,8285,27.9,78.8,1014.7,84,87,0,0,0,0,stable
185,68,97,36.6,8288,27.5,54.7,1013.6,33,87,0,0,0,0,stable
186,58,98,36.6,8291,23.0,67.2,1015.0,66,87,0,0,0,0,stable
187,71,96,36.0,8291,27.9,58.1,1014.6,67,87,0,0,0,0,stable
188,76,95,37.3,8294,26.1,52.0,1013.0,37,87,0,0,0,0,stable
189,70,94,36.5,8295,27.8,48.5,1019.1,40,87,0,0,0,0,stable
190,65,98,37.0,8298,24.6,52.8,1008.9,22,87,0,0,0,0,stable
191,65,98,37.2,8298,27.5,48.6,1010.8,49,87,0,0,0,0,stable
192,72,95,37.0,8301,31.7,64.1,1019.0,24,87,0,0,0,0,stable
193,62,96,36.9,8304,31.0,51.2,1008.2,80,87,0,0,0,0,stable
194,83,95,36.9,8306,28.6,66.4,1012.9,68,87,0,0,0,0,stable
195,72,97,37.0,8308,26.6,50.0,1010.9,51,87,0,0,0,0,stable
196,72,97,37.8,8309,24.9,50.8,1007.6,81,87,0,0,0,0,stable
197,63,99,36.8,8312,25.7,62.9,1009.9,64,87,0,0,0,0,stable
198,87,96,36.6,8314,30.4,68.0,1009.6,81,87,0,0,0,0,stable
199,77,99,36.6,8314,31.8,45.1,1008.6,51,87,0,0,0,0,stable
200,90,97,36.7,8316,30.2,54.1,1010.7,37,86,0,0,0,0,stable
201,84,97,37.1,8319,26.7,48.4,1013.5,56,86,0,0,0,0,stable
202,69,98,36.8,8319,27.3,60.3,1011.4,42,86,0,0,0,0,stable
203,75,96,37.1,8321,23.5,56.0,1012.5,33,86,0,0,0,0,stable
204,80,96,36.2,8322,29.2,61.7,1008.5,44,86,0,0,0,0,stable
205,76,95,36.6,8322,23.7,53.5,1004.2,44,86,0,0,0,0,stable
206,81,99,37.3,8322,24.6,51.4,1014.3,37,86,0,0,0,0,stable
207,55,97,37.1,8324,28.1,63.1,1011.8,21,86,0,0,0,0,stable
208,73,98,36.8,8325,32.4,45.2,1016.3,59,86,0,0,0,0,stable
209,69,95,37.1,8326,27.0,44.1,1013.8,67,86,0,0,0,0,stable
210,65,97,36.2,8327,28.7,56.1,1005.5,30,86,0,0,0,0,stable
211,64,96,36.1,8328,33.1,49.9,1011.7,61,86,0,0,0,0,stable
212,79,95,36.4,8331,23.7,59.0,1007.9,85,86,0,0,0,0,stable
213,65,97,36.1,8331,26.4,40.4,1018.6,47,86,0,0,0,0,stable
214,71,96,36.6,8331,28.9,66.3,1012.5,56,86,0,0,0,0,stable
215,62,98,36.8,8334,19.7,40.2,1020.5,77,86,0,0,0,0,stable
216,85,95,36.3,8335,31.2,49.7,1009.2,42,86,0,0,0,0,stable
217,81,96,37.5,8335,34.0,66.0,1012.2,89,86,0,0,0,0,stable
218,67,97,36.8,8336,31.3,69.8,1009.9,34,86,0,0,0,0,stable
219,85,97,36.0,8337,23.3,56.3,1015.2,24,86,0,0,0,0,stable
220,62,91,36.9,8338,26.4,38.8,1010.9,27,86,0,0,0,0,low_spo2
221,90,99,36.8,8340,34.7,56.7,1023.2,86,86,0,0,0,0,stable
222,75,97,37.6,8341,30.7,47.6,1009.2,83,86,0,0,0,0,stable
223,81,97,36.5,8344,25.7,47.9,1015.3,43,86,0,0,0,0,stable
224,74,95,36.9,8347,25.9,66.1,1009.7,73,86,0,0,0,0,stable
225,69,96,36.7,8350,30.0,57.5,1011.2,44,86,0,0,0,0,stable
226,81,97,36.6,8351,27.5,35.0,1014.3,62,86,0,0,0,0,stable
227,68,99,36.8,8354,29.9,68.2,1009.1,46,86,0,0,0,0,stable
228,69,97,36.6,8356,30.2,51.6,1017.4,83,86,0,0,0,0,stable
229,59,97,36.6,8357,23.0,47.9,1016.8,48,86,0,0,0,0,stable
230,73,96,36.2,8359,26.7,60.1,1016.7,68,86,0,0,0,0,stable
231,68,96,35.8,8362,25.8,69.0,1011.5,82,86,0,0,0,0,stable
232,61,97,36.6,8363,29.3,65.8,1009.9,27,86,0,0,0,0,stable
233,58,88,37.4,8366,30.5,64.2,1018.4,28,86,0,0,0,0,low_spo2
234,73,96,36.3,8369,27.9,54.0,1012.3,88,86,0,0,0,0,stable
235,72,96,36.4,8369,27.6,39.5,1012.9,75,86,0,0,0,0,stable
236,80,94,36.8,8370,28.8,49.4,1010.4,65,86,0,0,0,0,stable
237,73,98,36.4,8371,30.2,49.2,1021.9,30,86,0,0,0,0,stable
238,65,95,36.7,8374,26.7,56.3,1013.2,41,86,0,0,0,0,stable
239,87,98,36.5,8374,25.9,72.7,1006.1,49,86,0,0,0,0,stable
240,77,88,37.0,8376,25.8,65.4,1009.2,24,86,0,0,0,0,low_spo2
241,80,99,37.0,8379,28.2,62.6,1011.2,50,86,0,0,0,0,stable
242,59,96,36.5,8380,24.6,58.8,1005.6,30,86,0,0,0,0,stable
243,52,96,37.1,8382,29.1,44.1,1008.8,70,86,0,0,0,0,stable
244,80,96,36.2,8383,24.1,40.3,1022.4,75,86,0,0,0,0,stable
245,78,98,36.2,8384,31.5,54.0,1011.0,39,86,0,0,0,0,stable
246,63,98,36.9,8384,30.5,63.6,1013.1,66,86,0,0,0,0,stable
247,74,96,37.1,8387,29.7,58.5,1014.3,90,86,0,0,0,0,stable
248,83,97,36.5,8390,30.6,57.9,1005.1,51,86,0,0,0,0,stable
249,69,96,36.5,8393,29.1,58.7,1015.4,55,86,0,0,0,0,stable
250,65,97,37.0,8396,29.1,49.5,1011.2,33,86,0,0,0,0,stable
251,74,97,36.1,8398,31.5,45.1,1014.9,37,86,0,0,0,0,stable
252,70,98,36.5,8401,24.8,63.1,1012.2,82,86,0,0,0,0,stable
253,87,96,36.6,8403,30.2,64.7,1017.2,89,86,0,0,0,0,stable
254,79,98,37.3,8404,28.8,47.3,1014.6,28,86,0,0,0,0,stable
255,79,95,36.3,8405,29.9,54.9,1015.9,74,86,0,0,0,0,stable
256,74,96,37.2,8408,27.8,38.0,1010.6,66,86,0,0,0,0,stable
257,69,94,36.0,8409,24.3,49.9,1009.1,25,86,0,0,0,0,stable
258,63,96,36.1,8412,21.8,58.6,1014.4,48,86,0,0,0,0,stable
259,64,96,36.2,8415,26.1,40.3,1014.7,84,86,0,0,0,0,stable
260,90,100,36.4,8415,28.3,72.7,1020.9,38,86,0,0,0,0,stable
261,69,97,36.8,8415,24.4,40.7,1015.9,60,86,0,0,0,0,stable
262,76,97,36.7,8415,27.4,52.4,1010.3,51,86,0,0,0,0,stable
263,63,96,36.5,8418,30.8,50.6,1010.7,75,86,0,0,0,0,stable
264,63,98,37.0,8418,25.8,53.1,1009.7,28,86,0,0,0,0,stable
265,61,95,36.3,8418,27.3,53.5,1022.9,87,86,0,0,0,0,stable
266,80,96,36.4,8420,29.9,62.8,1007.3,58,86,0,0,0,0,stable
267,83,96,36.5,8420,25.7,61.3,1020.0,85,86,0,0,0,0,stable
268,65,98,36.3,8421,26.6,44.1,1011.0,37,86,0,0,0,0,stable
269,79,99,36.1,8424,23.9,67.0,1020.0,84,86,0,0,0,0,stable
270,69,95,36.1,8425,28.2,57.2,1013.6,48,86,0,0,0,0,stable
271,72,97,36.5,8428,27.6,50.3,1012.2,34,86,0,0,0,0,stable
272,72,98,37.2,8431,27.8,26.0,1008.7,33,86,0,0,0,0,stable
273,72,90,36.7,8433,34.1,57.8,1011.4,35,86,0,0,0,0,low_spo2
274,74,96,36.9,8436,24.3,57.8,1015.4,46,86,0,0,0,0,stable
275,79,94,36.3,8437,26.4,48.0,1020.0,57,86,0,0,0,0,stable
276,56,95,35.8,8438,27.4,72.1,1011.0,27,86,0,0,0,0,stable
277,90,96,37.3,8440,32.3,63.0,1005.5,70,86,0,0,0,0,stable
278,63,97,36.7,8440,31.1,41.4,1017.8,67,86,0,0,0,0,stable
279,65,97,36.0,8440,25.0,53.7,1007.5,65,86,0,0,0,0,stable
280,82,95,35.9,8443,32.7,52.8,1022.3,63,86,0,0,0,0,stable
281,69,96,37.1,8443,23.8,68.4,1015.0,78,86,0,0,0,0,stable
282,92,97,36.9,8446,30.8,59.5,1020.3,36,86,0,0,0,0,stable
283,79,96,37.3,8448,23.6,55.0,1017.8,41,86,0,0,0,0,stable
284,84,97,36.6,8448,23.0,54.9,1012.8,81,86,0,0,0,0,stable
285,108,97,38.9,8451,27.6,51.1,1007.7,49,86,0,0,1,0,heat_stress
286,64,98,37.0,8452,29.6,41.4,1019.2,37,86,0,0,0,0,stable
287,66,95,37.2,8453,29.6,40.1,1015.9,39,86,0,0,0,0,stable
288,83,96,36.4,8454,28.7,55.2,1006.3,69,86,0,0,0,0,stable
289,68,98,36.8,8455,25.8,42.2,1010.8,56,86,0,0,0,0,stable
290,76,95,37.0,8456,24.4,54.9,1008.8,26,86,0,0,0,0,stable
291,76,94,36.7,8456,31.0,27.9,1010.6,66,86,0,0,0,0,stable
292,77,96,37.0,8457,25.0,57.0,1000.6,29,86,0,0,0,0,stable
293,76,97,36.7,8460,28.9,40.9,1012.7,84,86,0,0,0,0,stable
294,74,95,36.2,8461,30.5,53.5,1017.2,85,86,0,0,0,0,stable
295,93,95,36.9,8461,30.2,51.0,1018.0,50,86,0,0,0,0,stable
296,77,97,36.3,8463,29.3,47.6,1006.7,42,86,0,0,0,0,stable
297,83,98,36.6,8465,26.3,57.6,1015.3,54,86,0,0,0,0,stable
298,73,96,37.0,8465,26.4,52.8,1026.5,29,86,0,0,0,0,stable
299,64,97,37.4,8466,30.0,54.9,1015.3,34,86,0,0,0,0,stable
300,75,98,37.5,8469,29.6,40.2,1021.5,42,86,0,0,0,0,stable
301,88,96,35.9,8472,25.8,56.2,1016.7,60,86,0,0,0,0,stable
302,73,97,36.4,8473,30.5,57.0,1018.9,25,86,0,0,0,0,stable
303,76,96,36.4,8475,28.5,64.5,1015.9,67,86,0,0,0,0,stable
304,77,98,36.5,8478,32.0,72.3,1012.9,89,86,0,0,0,0,stable
305,74,96,37.1,8480,28.1,44.9,1007.2,21,86,0,0,0,0,stable
306,74,96,36.3,8480,23.1,62.9,1026.7,73,86,0,0,0,0,stable
307,71,97,37.3,8481,27.9,64.7,1009.4,67,86,0,0,0,0,stable
308,61,97,36.3,8484,26.3,66.5,1015.9,75,86,0,0,0,0,stable
309,71,96,36.5,8487,33.7,50.0,1005.2,60,86,0,0,0,0,stable
310,68,97,36.9,8487,27.4,58.4,1015.5,79,86,0,0,0,0,stable
311,72,97,36.3,8490,32.0,54.5,1015.5,40,86,0,0,0,0,stable
312,76,96,36.5,8492,24.1,64.4,1019.3,65,86,0,0,0,0,stable
313,71,97,36.5,8495,33.3,62.8,1008.0,90,86,0,0,0,0,stable
314,112,98,39.3,8496,26.4,58.2,1017.8,30,86,0,0,1,1,dehydration
315,68,96,36.7,8499,27.4,56.6,1011.0,62,86,0,0,0,0,stable
316,87,98,37.6,8502,30.1,45.2,1013.1,74,86,0,0,0,0,stable
317,76,97,36.8,8502,30.2,44.6,1008.4,57,86,0,0,0,0,stable
318,57,97,36.5,8505,28.2,61.5,1022.9,87,86,0,0,0,0,stable
319,74,100,36.6,8507,27.8,37.7,1014.1,64,86,0,0,0,0,stable
320,82,96,36.5,8508,29.2,72.9,1014.7,55,86,0,0,0,0,stable
321,97,98,36.0,8509,27.1,66.8,1017.3,54,86,0,0,0,0,stable
322,60,96,36.6,8512,22.9,43.3,1020.6,42,86,0,0,0,0,stable
323,78,98,36.9,8512,23.6,52.3,1008.5,38,86,0,0,0,0,stable
324,69,96,37.5,8514,27.5,56.3,1014.2,27,86,0,0,0,0,stable
325,74,97,36.7,8515,28.0,58.2,1008.7,42,86,0,0,0,0,stable
326,87,95,36.7,8516,28.6,58.0,1003.4,66,86,0,0,0,0,stable
327,81,96,37.1,8518,26.9,43.0,1025.3,75,86,0,0,0,0,stable
328,79,94,36.6,8520,26.5,57.2,1019.6,42,86,0,0,0,0,stable
329,132,98,36.6,8523,29.8,65.2,1006.1,24,86,1,0,0,0,fall
330,76,97,36.9,8523,24.2,60.1,1011.9,29,86,0,0,0,0,stable
331,75,100,37.1,8525,33.4,47.6,1014.3,51,86,0,0,0,0,stable
332,71,91,36.8,8528,23.3,75.4,1011.0,83,86,0,0,0,0,low_spo2
333,79,96,36.2,8529,32.0,57.0,1014.7,24,86,0,0,0,0,stable
334,72,98,36.8,8532,27.6,57.1,1014.7,31,86,0,0,0,0,stable
335,61,99,37.2,8533,25.1,46.7,1009.7,26,86,0,0,0,0,stable
336,78,97,36.9,8535,32.3,50.5,1009.4,32,86,0,0,0,0,stable
337,83,97,36.8,8538,26.5,70.9,1017.9,81,86,0,0,0,0,stable
338,74,97,36.9,8538,30.2,51.4,1017.7,82,86,0,0,0,0,stable
339,78,96,36.5,8541,25.7,47.6,1017.0,53,86,0,0,0,0,stable
340,68,97,37.0,8541,24.7,62.9,1015.4,89,86,0,0,0,0,stable
341,62,98,36.7,8544,29.1,69.9,1011.4,80,86,0,0,0,0,stable
342,68,96,36.6,8544,30.9,33.5,1012.9,38,86,0,0,0,0,stable
343,83,98,37.2,8545,35.7,62.4,1016.7,75,86,0,0,0,0,stable
344,78,99,37.0,8545,31.2,65.9,1016.3,90,86,0,0,0,0,stable
345,71,97,35.9,8548,29.6,59.3,1014.8,32,86,0,0,0,0,stable
346,83,96,37.0,8550,29.5,60.6,1010.3,82,86,0,0,0,0,stable
347,65,96,36.9,8553,30.7,75.4,1015.5,62,86,0,0,0,0,stable
348,73,96,36.4,8555,28.4,58.5,1009.1,55,86,0,0,0,0,stable
349,82,95,36.3,8557,20.6,65.7,1012.1,61,86,0,0,0,0,stable
350,72,98,36.5,8560,26.5,54.0,1004.6,67,86,0,0,0,0,stable
351,78,95,36.9,8561,30.2,57.3,1007.0,23,86,0,0,0,0,stable
352,81,88,36.7,8563,29.0,52.7,1009.2,79,86,0,0,0,0,low_spo2
353,62,96,36.8,8566,28.5,63.9,1022.1,90,86,0,0,0,0,stable
354,71,97,37.2,8568,24.9,58.1,1013.3,47,86,0,0,0,0,stable
355,81,95,36.6,8568,25.9,72.2,1003.2,21,86,0,0,0,0,stable
356,69,97,37.0,8570,32.8,51.4,1005.4,55,86,0,0,0,0,stable
357,67,97,36.5,8573,29.9,54.0,1012.7,67,86,0,0,0,0,stable
358,64,96,36.6,8575,32.5,69.3,1012.5,55,86,0,0,0,0,stable
359,73,98,37.0,8576,26.4,69.6,1007.7,71,86,0,0,0,0,stable
360,67,95,36.6,8578,23.7,63.5,1010.2,24,86,0,0,0,0,stable
361,51,95,36.8,8581,25.5,67.4,1008.9,84,86,0,0,0,0,stable
362,72,97,36.4,8584,24.8,60.4,1015.8,43,86,0,0,0,0,stable
363,90,96,36.5,8586,26.2,36.7,1018.0,67,86,0,0,0,0,stable
364,73,97,37.0,8586,25.3,48.5,1013.6,35,86,0,0,0,0,stable
365,79,96,36.7,8587,29.0,64.1,1012.8,78,86,0,0,0,0,stable
366,83,98,36.8,8588,29.1,53.7,1014.6,77,86,0,0,0,0,stable
367,72,99,37.0,8588,32.4,62.3,1016.9,74,86,0,0,0,0,stable
368,56,98,36.6,8590,28.6,75.1,1009.7,87,86,0,0,0,0,stable
369,78,98,36.5,8592,26.4,53.2,1015.2,84,86,0,0,0,0,stable
370,69,96,36.9,8594,25.7,41.1,1016.1,37,86,0,0,0,0,stable
371,64,99,36.5,8597,29.5,62.1,1013.4,36,86,0,0,0,0,stable
372,74,97,36.5,8597,28.0,44.9,1018.0,88,86,0,0,0,0,stable
373,66,95,36.9,8597,28.4,51.2,1008.2,68,86,0,0,0,0,stable
374,78,97,36.6,8597,26.1,50.4,1020.0,86,86,0,0,0,0,stable
375,72,98,37.2,8597,32.3,51.4,1021.6,83,86,0,0,0,0,stable
376,75,97,36.7,8600,31.6,54.2,1014.4,83,86,0,0,0,0,stable
377,108,96,38.7,8603,28.3,57.6,1014.8,85,86,0,0,1,0,heat_stress
378,85,97,37.2,8605,25.6,54.7,1014.6,42,86,0,0,0,0,stable
379,85,95,36.3,8605,31.5,68.9,1017.7,25,86,0,0,0,0,stable
380,78,97,36.5,8607,25.9,58.2,1011.5,63,86,0,0,0,0,stable
381,77,98,37.0,8610,27.4,59.5,1006.1,41,86,0,0,0,0,stable
382,83,98,37.6,8613,30.6,64.7,1010.0,76,86,0,0,0,0,stable
383,77,98,36.6,8614,28.6,43.5,1013.6,72,86,0,0,0,0,stable
384,71,97,36.7,8615,27.6,69.7,1012.0,63,86,0,0,0,0,stable
385,61,96,36.4,8618,25.8,46.5,1019.2,69,86,0,0,0,0,stable
386,121,98,39.3,8621,25.4,67.1,1004.9,29,86,0,0,1,1,high_hr
387,74,95,36.5,8624,30.1,49.0,1015.1,78,86,0,0,0,0,stable
388,64,97,37.1,8627,29.9,54.9,1012.1,71,86,0,0,0,0,stable
389,65,97,36.9,8629,28.0,64.9,1008.9,78,86,0,0,0,0,stable
390,81,96,37.0,8632,28.7,53.0,1008.4,77,86,0,0,0,0,stable
391,84,98,36.8,8634,30.7,45.8,1011.6,33,86,0,0,0,0,stable
392,78,97,37.1,8634,31.7,54.8,1016.3,35,86,0,0,0,0,stable
393,81,96,36.0,8634,29.4,55.1,1011.5,35,86,0,0,0,0,stable
394,75,95,36.2,8637,21.7,71.3,1013.2,90,86,0,0,0,0,stable
395,88,96,36.2,8638,28.4,52.8,1010.1,36,86,0,0,0,0,stable
396,83,98,36.4,8641,26.4,77.1,1011.6,51,86,0,0,0,0,stable
397,70,100,37.1,8644,27.4,38.3,1006.7,85,86,0,0,0,0,stable
398,70,98,37.1,8645,24.4,59.2,1019.7,57,86,0,0,0,0,stable
399,67,94,37.1,8646,31.5,39.6,1012.8,61,86,0,0,0,0,stable
400,70,95,36.2,8649,26.5,45.3,1003.6,88,85,0,0,0,0,stable
401,106,99,38.7,8650,24.6,53.1,1021.7,56,85,0,0,1,0,heat_stress
402,72,96,37.3,8650,30.0,48.1,1017.3,48,85,0,0,0,0,stable
403,73,95,36.8,8652,33.2,53.9,1011.5,68,85,0,0,0,0,stable
404,58,98,37.0,8652,27.6,54.7,1009.6,76,85,0,0,0,0,stable
405,82,94,36.5,8653,23.8,59.2,1000.3,57,85,0,0,0,0,stable
406,52,98,37.6,8653,31.5,47.4,1016.7,53,85,0,0,0,0,stable
407,81,98,36.7,8654,30.7,77.3,1015.9,26,85,0,0,0,0,stable
408,75,95,36.9,8656,25.9,69.1,1016.5,87,85,0,0,0,0,stable
409,74,97,37.1,8659,29.5,60.9,1014.9,47,85,0,0,0,0,stable
410,70,96,36.4,8662,35.1,73.6,1012.8,21,85,0,0,0,0,stable
411,79,97,36.7,8663,32.3,69.6,1011.1,61,85,0,0,0,0,stable
412,63,98,36.9,8663,29.5,70.8,1008.1,67,85,0,0,0,0,stable
413,64,96,36.4,8665,28.2,30.8,1011.9,41,85,0,0,0,0,stable
414,87,96,36.2,8666,27.1,61.9,1009.1,33,85,0,0,0,0,stable
415,78,99,37.2,8666,24.6,54.9,1010.1,78,85,0,0,0,0,stable
416,73,96,36.9,8666,28.8,48.6,1011.4,53,85,0,0,0,0,stable
417,66,97,36.4,8666,29.5,41.0,1011.4,28,85,0,0,0,0,stable
418,74,95,36.7,8666,26.9,51.2,1020.4,31,85,0,0,0,0,stable
419,70,89,36.2,8667,31.8,61.5,1016.8,89,85,0,0,0,0,low_spo2
420,70,98,36.5,8669,34.0,56.4,1012.8,38,85,0,0,0,0,stable
421,74,97,36.3,8671,25.9,59.1,1021.0,64,85,0,0,0,0,stable
422,78,99,36.8,8673,26.7,57.2,1016.0,26,85,0,0,0,0,stable
423,85,94,37.1,8675,27.9,51.4,1009.7,45,85,0,0,0,0,stable
424,72,95,36.6,8675,29.4,54.2,1014.9,44,85,0,0,0,0,stable
425,70,98,36.4,8677,26.3,64.0,1001.2,41,85,0,0,0,0,stable
426,80,97,36.8,8679,32.8,65.8,1019.1,81,85,0,0,0,0,stable
427,66,97,36.5,8679,31.6,65.8,1004.7,37,85,0,0,0,0,stable
428,78,96,36.6,8679,23.8,63.3,1007.3,71,85,0,0,0,0,stable
429,74,96,37.0,8682,28.5,51.8,1010.7,70,85,0,0,0,0,stable
430,76,99,36.7,8682,25.5,45.6,1016.6,50,85,0,0,0,0,stable
431,82,95,36.5,8685,26.8,62.0,1018.4,38,85,0,0,0,0,stable
432,73,95,36.5,8685,29.6,54.3,1016.6,46,85,0,0,0,0,stable
433,59,96,36.0,8685,32.3,63.8,1012.5,86,85,0,0,0,0,stable
434,69,96,36.7,8688,24.1,49.6,1009.1,29,85,0,0,0,0,stable
435,66,96,37.1,8690,26.0,43.6,1013.5,20,85,0,0,0,0,stable
436,69,96,36.8,8691,29.0,58.4,1015.4,35,85,0,0,0,0,stable
437,69,95,36.6,8694,29.3,56.4,1015.9,72,85,0,0,0,0,stable
438,76,97,36.5,8694,27.2,59.4,1011.2,41,85,0,0,0,0,stable
439,73,97,37.2,8694,26.9,66.7,1007.4,56,85,0,0,0,0,stable
440,79,96,36.3,8695,25.9,61.6,1007.1,43,85,0,0,0,0,stable
441,67,95,37.0,8695,32.0,56.2,1017.9,33,85,0,0,0,0,stable
442,83,97,37.2,8695,25.5,64.5,1022.7,24,85,0,0,0,0,stable
443,81,95,36.7,8695,26.7,68.8,1007.8,75,85,0,0,0,0,stable
444,66,96,37.2,8698,29.0,57.4,1008.3,32,85,0,0,0,0,stable
445,68,97,36.8,8701,21.4,54.9,1013.5,20,85,0,0,0,0,stable
446,70,96,37.3,8703,28.2,51.0,1014.3,74,85,0,0,0,0,stable
447,70,96,37.0,8705,25.5,65.1,1012.7,46,85,0,0,0,0,stable
448,62,98,36.3,8707,28.3,68.1,1012.5,70,85,0,0,0,0,stable
449,72,94,36.3,8708,23.8,64.6,1016.5,63,85,0,0,0,0,stable
450,77,95,36.6,8708,27.1,61.2,1004.2,80,85,0,0,0,0,stable
451,81,96,37.0,8708,28.8,51.3,1001.6,71,85,0,0,0,0,stable
452,66,96,36.6,8709,24.1,48.2,1008.9,45,85,0,0,0,0,stable
453,84,94,36.4,8710,27.8,43.8,1008.0,66,85,0,0,0,0,stable
454,74,97,37.4,8712,36.5,50.1,1008.5,45,85,0,0,0,0,stable
455,61,96,36.9,8714,28.5,44.4,1020.5,48,85,0,0,0,0,stable
456,69,96,37.2,8717,26.3,42.2,1012.7,84,85,0,0,0,0,stable
457,68,99,37.0,8719,20.9,46.1,1000.8,81,85,0,0,0,0,stable
458,75,94,37.1,8719,27.2,47.3,1013.4,68,85,0,0,0,0,stable
459,56,94,36.6,8721,26.1,53.6,1012.9,53,85,0,0,0,0,stable
460,74,97,36.4,8722,23.1,45.8,1013.7,54,85,0,0,0,0,stable
461,79,98,36.9,8723,27.2,53.1,1002.9,46,85,0,0,0,0,stable
462,75,99,36.9,8723,25.6,68.2,1009.4,83,85,0,0,0,0,stable
463,63,95,36.6,8725,27.8,26.0,1013.7,55,85,0,0,0,0,stable
464,50,97,37.0,8726,26.8,71.9,1016.0,81,85,0,0,0,0,stable
465,75,96,36.2,8729,32.9,70.3,1011.9,78,85,0,0,0,0,stable
466,73,97,36.5,8731,25.4,49.1,1010.5,90,85,0,0,0,0,stable
467,73,97,37.1,8734,27.3,58.8,1020.5,67,85,0,0,0,0,stable
468,68,97,36.2,8735,29.2,61.3,1005.7,50,85,0,0,0,0,stable
469,59,96,36.9,8738,33.1,57.1,1010.1,83,85,0,0,0,0,stable
470,85,98,36.4,8741,25.3,51.0,1019.1,26,85,0,0,0,0,stable
471,64,98,37.4,8741,30.0,46.4,1014.4,66,85,0,0,0,0,stable
472,67,98,36.8,8743,25.4,72.3,1003.5,45,85,0,0,0,0,stable
473,63,96,35.6,8745,26.0,49.6,1007.9,77,85,0,0,0,0,stable
474,80,96,36.6,8746,32.1,40.4,1004.1,73,85,0,0,0,0,stable
475,66,95,36.8,8747,27.1,49.3,1019.7,54,85,0,0,0,0,stable
476,67,96,37.2,8750,24.6,49.5,1014.6,22,85,0,0,0,0,stable
477,78,97,36.7,8751,33.0,57.3,1015.0,28,85,0,0,0,0,stable
478,82,96,37.3,8751,29.7,66.0,1017.2,30,85,0,0,0,0,stable
479,64,94,36.6,8752,30.1,68.0,1020.0,23,85,0,0,0,0,stable
480,81,97,37.4,8754,25.0,49.9,1012.2,89,85,0,0,0,0,stable
481,78,98,36.3,8756,24.9,64.6,1009.9,49,85,0,0,0,0,stable
482,76,95,36.5,8756,29.7,38.3,1011.8,37,85,0,0,0,0,stable
483,68,98,37.6,8759,28.4,49.8,1021.1,57,85,0,0,0,0,stable
484,62,95,36.5,8762,27.4,50.3,1014.8,69,85,0,0,0,0,stable
485,76,96,37.2,8764,30.0,51.4,1021.0,54,85,0,0,0,0,stable
486,60,98,36.8,8767,30.3,53.1,1019.9,44,85,0,0,0,0,stable
487,72,97,36.8,8769,27.9,53.1,1020.9,21,85,0,0,0,0,stable
488,74,97,36.3,8772,28.1,66.2,1012.9,24,85,0,0,0,0,stable
489,66,99,36.8,8772,27.7,48.9,1012.2,52,85,0,0,0,0,stable
490,80,94,37.2,8775,31.6,55.6,1029.1,45,85,0,0,0,0,stable
491,60,97,35.6,8777,26.9,60.4,1011.9,25,85,0,0,0,0,stable
492,73,95,37.0,8779,30.4,70.2,1006.5,47,85,0,0,0,0,stable
493,79,96,36.6,8779,28.2,49.1,1015.3,25,85,0,0,0,0,stable
494,63,96,36.6,8780,26.4,57.4,1014.8,63,85,0,0,0,0,stable
495,98,95,36.6,8780,27.3,60.1,1015.6,64,85,0,0,0,0,stable
496,76,95,36.9,8781,32.3,55.0,1014.4,76,85,0,0,0,0,stable
497,64,96,36.2,8783,28.2,54.1,1009.0,90,85,0,0,0,0,stable
498,79,98,36.0,8786,29.7,69.3,1013.0,68,85,0,0,0,0,stable
499,72,94,36.4,8788,26.0,52.3,1005.8,88,85,0,0,0,0,stable
500,76,96,36.4,8790,23.3,48.7,1019.4,34,85,0,0,0,0,stable
501,83,98,37.6,8790,29.9,58.4,1018.5,32,85,0,0,0,0,stable
502,85,97,36.3,8792,30.2,61.7,1014.1,29,85,0,0,0,0,stable
503,91,97,36.2,8795,22.3,56.1,1011.3,73,85,0,0,0,0,stable
504,80,95,37.2,8795,29.5,57.0,1011.3,47,85,0,0,0,0,stable
505,77,96,36.6,8796,24.3,33.0,1007.8,73,85,0,0,0,0,stable
506,73,94,36.2,8799,25.9,59.5,1011.0,43,85,0,0,0,0,stable
507,64,96,36.4,8801,24.9,65.3,1009.4,61,85,0,0,0,0,stable
508,78,95,36.2,8802,23.8,48.6,1011.7,90,85,0,0,0,0,stable
509,79,96,37.1,8802,27.2,68.4,1012.3,86,85,0,0,0,0,stable
510,85,98,37.9,8804,28.4,73.4,1014.3,55,85,0,0,0,0,stable
511,82,96,36.2,8807,26.3,51.6,1015.1,66,85,0,0,0,0,stable
512,78,96,36.7,8808,30.5,53.4,1005.0,81,85,0,0,0,0,stable
513,80,98,36.5,8810,24.3,72.7,1015.1,68,85,0,0,0,0,stable
514,76,97,36.7,8813,25.2,59.6,1011.9,49,85,0,0,0,0,stable
515,73,94,37.2,8813,26.2,54.0,1014.4,89,85,0,0,0,0,stable
516,67,96,36.6,8816,26.4,71.4,1011.5,84,85,0,0,0,0,stable
517,81,97,36.8,8819,26.3,52.1,1012.3,71,85,0,0,0,0,stable
518,73,98,36.1,8822,29.9,44.2,1010.9,45,85,0,0,0,0,stable
519,48,95,36.4,8825,27.7,44.9,1023.2,31,85,0,0,0,0,stable
520,80,97,36.5,8825,29.5,55.8,1010.0,64,85,0,0,0,0,stable
521,55,89,36.5,8826,28.6,52.7,1010.3,30,85,0,0,0,0,low_spo2
522,76,97,37.6,8828,25.8,70.3,1013.7,34,85,0,0,0,0,stable
523,70,98,36.4,8830,32.3,41.7,1010.9,38,85,0,0,0,0,stable
524,69,95,36.1,8832,32.6,58.9,1016.6,54,85,0,0,0,0,stable
525,85,97,37.1,8834,28.2,56.3,1012.3,69,85,0,0,0,0,stable
526,74,98,36.9,8834,27.8,59.6,1018.4,78,85,0,0,0,0,stable
527,62,96,37.6,8837,29.7,50.4,1014.8,64,85,0,0,0,0,stable
528,70,95,36.3,8839,37.4,60.3,1006.5,69,85,0,0,0,0,stable
529,85,95,37.2,8840,28.7,49.6,1017.2,37,85,0,0,0,0,stable
530,80,97,37.2,8841,27.0,43.7,1016.2,74,85,0,0,0,0,stable
531,91,96,36.5,8842,31.3,41.7,1009.3,45,85,0,0,0,0,stable
532,78,96,36.6,8843,24.5,47.8,1007.6,40,85,0,0,0,0,stable
533,69,98,36.9,8844,27.5,52.6,1004.6,72,85,0,0,0,0,stable
534,80,96,36.7,8846,22.4,58.7,1015.6,36,85,0,0,0,0,stable
535,79,98,36.5,8847,26.5,49.0,1010.9,23,85,0,0,0,0,stable
536,66,98,36.2,8849,28.5,59.0,1017.5,80,85,0,0,0,0,stable
537,118,97,38.8,8850,29.0,53.6,998.1,46,85,0,0,1,0,heat_stress
538,90,98,37.5,8852,27.5,69.0,1005.2,74,85,0,0,0,0,stable
539,72,97,36.7,8852,25.1,44.1,1012.3,25,85,0,0,0,0,stable
540,78,91,35.6,8852,26.0,59.0,1018.0,58,85,0,0,0,0,low_spo2
541,74,96,36.9,8853,30.2,41.0,1014.6,31,85,0,0,0,0,stable
542,73,96,36.9,8854,21.0,48.1,1015.8,23,85,0,0,0,0,stable
543,78,98,36.6,8856,26.0,48.5,1019.5,40,85,0,0,0,0,stable
544,73,96,37.0,8859,30.2,51.1,999.5,40,85,0,0,0,0,stable
545,68,97,36.8,8860,21.4,57.9,1015.4,26,85,0,0,0,0,stable
546,67,97,36.8,8860,24.8,75.4,1005.4,20,85,0,0,0,0,stable
547,69,96,35.9,8860,29.5,45.9,1009.3,47,85,0,0,0,0,stable
548,66,96,36.6,8861,28.7,61.0,1010.3,46,85,0,0,0,0,stable
549,78,97,36.6,8863,27.3,52.9,1014.9,33,85,0,0,0,0,stable
550,69,97,36.4,8864,24.4,71.3,1011.3,66,85,0,0,0,0,stable
551,77,96,36.6,8864,30.7,56.0,1003.4,28,85,0,0,0,0,stable
552,72,97,36.6,8865,25.7,50.4,1006.5,33,85,0,0,0,0,stable
553,53,95,36.5,8867,27.8,37.6,1017.3,53,85,0,0,0,0,stable
554,48,96,36.6,8870,29.3,48.7,1013.1,49,85,0,0,0,0,stable
555,68,93,36.8,8870,28.0,54.5,1009.6,73,85,0,0,0,0,stable
556,114,97,38.8,8872,26.4,57.1,1008.8,84,85,0,0,1,0,heat_stress
557,61,96,37.0,8872,29.8,58.2,1010.1,63,85,0,0,0,0,stable
558,82,96,36.6,8873,28.1,40.3,1005.4,88,85,0,0,0,0,stable
559,81,96,37.1,8875,21.7,41.2,1010.0,88,85,0,0,0,0,stable
560,84,97,36.3,8875,33.8,63.0,1012.2,23,85,0,0,0,0,stable
561,69,97,36.5,8876,27.6,38.5,1007.4,59,85,0,0,0,0,stable
562,72,95,37.1,8877,28.6,42.0,1019.8,58,85,0,0,0,0,stable
563,75,97,37.2,8877,31.4,52.9,1013.4,81,85,0,0,0,0,stable
564,77,96,36.5,8879,30.9,55.9,1010.3,32,85,0,0,0,0,stable
565,82,94,36.6,8882,26.6,39.8,1019.5,34,85,0,0,0,0,stable
566,92,97,36.5,8885,24.3,58.6,1011.5,59,85,0,0,0,0,stable
567,87,97,36.5,8887,26.4,53.5,1017.3,76,85,0,0,0,0,stable
568,70,96,36.8,8887,29.2,57.5,1017.5,60,85,0,0,0,0,stable
569,71,99,36.9,8889,24.3,48.1,1010.0,76,85,0,0,0,0,stable
570,75,97,36.8,8889,27.4,49.4,1014.4,77,85,0,0,0,0,stable
571,68,96,37.0,8889,23.7,71.6,1011.6,79,85,0,0,0,0,stable
572,70,96,36.9,8891,23.6,48.7,1005.8,79,85,0,0,0,0,stable
573,54,97,37.2,8893,33.0,42.9,1017.9,62,85,0,0,0,0,stable
574,77,94,36.6,8895,28.2,35.8,1014.3,56,85,0,0,0,0,stable
575,75,95,36.8,8895,29.0,48.4,1019.4,58,85,0,0,0,0,stable
576,66,96,36.2,8898,30.2,48.2,1016.0,75,85,0,0,0,0,stable
577,75,95,36.8,8898,24.3,53.9,1005.1,82,85,0,0,0,0,stable
578,82,98,36.6,8900,29.2,58.7,1012.5,33,85,0,0,0,0,stable
579,69,95,36.9,8900,25.6,70.5,1018.0,20,85,0,0,0,0,stable
580,74,95,36.4,8903,28.7,60.1,1020.1,60,85,0,0,0,0,stable
581,69,99,36.3,8905,21.9,68.2,1012.6,85,85,0,0,0,0,stable
582,70,97,36.6,8905,30.8,67.8,1013.0,65,85,0,0,0,0,stable
583,79,97,37.1,8907,28.6,52.6,1008.0,75,85,0,0,0,0,stable
584,62,96,36.4,8909,28.3,58.1,1010.6,36,85,0,0,0,0,stable
585,76,97,37.3,8912,28.5,60.3,1012.6,37,85,0,0,0,0,stable
586,68,96,36.0,8915,29.4,47.1,1009.2,74,85,0,0,0,0,stable
587,65,96,36.5,8918,29.5,59.2,1010.0,84,85,0,0,0,0,stable
588,71,91,36.6,8920,27.6,63.7,1016.7,30,85,0,0,0,0,low_spo2
589,82,98,37.8,8923,27.1,42.9,1012.4,31,85,0,0,0,0,stable
590,74,98,36.4,8925,24.2,38.6,1005.9,88,85,0,0,0,0,stable
591,75,95,36.3,8928,27.7,38.4,1024.0,57,85,0,0,0,0,stable
592,73,97,37.3,8930,25.7,65.5,1015.1,41,85,0,0,0,0,stable
593,109,96,39.0,8930,32.7,59.8,1009.8,36,85,0,0,1,1,dehydration
594,69,96,36.7,8931,32.9,49.8,1009.0,42,85,0,0,0,0,stable
595,73,98,36.0,8933,28.5,81.0,1011.7,39,85,0,0,0,0,stable
596,80,95,36.4,8934,29.5,59.0,1020.9,64,85,0,0,0,0,stable
597,79,97,36.8,8937,27.1,49.7,1020.9,88,85,0,0,0,0,stable
598,75,98,36.5,8940,29.5,77.8,1013.9,77,85,0,0,0,0,stable
599,68,97,35.7,8942,26.6,65.2,1011.6,54,85,0,0,0,0,stable
600,70,97,37.2,8943,30.5,53.7,1006.4,44,84,0,0,0,0,stable
601,107,96,38.6,8943,27.9,44.6,1016.2,77,84,0,0,1,0,heat_stress
602,66,98,36.7,8943,28.8,68.5,1010.2,47,84,0,0,0,0,stable
603,84,96,36.6,8944,26.5,42.9,1019.0,43,84,0,0,0,0,stable
604,83,95,36.7,8947,31.4,62.1,1011.1,74,84,0,0,0,0,stable
605,69,95,36.7,8949,25.7,56.7,1008.2,62,84,0,0,0,0,stable
606,80,96,36.8,8950,26.3,50.2,1011.0,82,84,0,0,0,0,stable
607,81,97,36.2,8953,29.7,54.0,1010.7,29,84,0,0,0,0,stable
608,85,97,36.7,8953,27.4,68.5,1010.0,54,84,0,0,0,0,stable
609,78,97,36.7,8956,28.2,44.9,1013.7,28,84,0,0,0,0,stable
610,73,96,37.4,8958,26.4,50.7,1016.7,27,84,0,0,0,0,stable
611,60,94,37.1,8958,30.0,64.2,1005.9,57,84,0,0,0,0,stable
612,71,96,37.1,8961,28.7,66.2,1008.7,65,84,0,0,0,0,stable
613,57,88,36.5,8962,28.7,51.4,1013.1,89,84,0,0,0,0,low_spo2
614,68,95,37.4,8962,26.8,58.3,1013.4,25,84,0,0,0,0,stable
615,69,97,36.4,8963,25.0,54.6,1009.4,29,84,0,0,0,0,stable
616,78,97,36.4,8963,25.2,55.7,1020.2,21,84,0,0,0,0,stable
617,75,97,36.4,8964,33.0,56.9,1011.4,33,84,0,0,0,0,stable
618,82,98,36.6,8966,27.3,65.7,999.9,71,84,0,0,0,0,stable
619,64,99,36.5,8967,27.3,56.2,1006.3,62,84,0,0,0,0,stable
620,79,97,36.7,8968,26.2,33.9,1017.3,25,84,0,0,0,0,stable
621,83,98,36.4,8971,25.8,56.1,1013.3,31,84,0,0,0,0,stable
622,71,95,36.6,8974,32.5,52.6,1009.8,54,84,0,0,0,0,stable
623,65,89,37.2,8977,26.4,51.7,1011.6,58,84,0,0,0,0,low_spo2
624,73,97,36.7,8977,29.5,40.4,1006.2,89,84,0,0,0,0,stable
625,65,96,36.5,8977,26.5,59.4,1005.7,80,84,0,0,0,0,stable
626,69,97,36.8,8978,27.5,46.7,1014.8,78,84,0,0,0,0,stable
627,86,97,36.9,8981,27.2,51.2,1012.8,50,84,0,0,0,0,stable
628,72,95,36.6,8983,29.8,55.6,1015.4,49,84,0,0,0,0,stable
629,84,98,37.0,8986,25.9,52.1,1012.1,75,84,0,0,0,0,stable
630,85,99,36.3,8987,28.8,36.6,1003.0,45,84,0,0,0,0,stable
631,72,97,36.4,8990,27.0,49.1,1013.8,63,84,0,0,0,0,stable
632,75,97,37.1,8991,32.4,43.8,1010.0,49,84,0,0,0,0,stable
633,87,98,35.4,8994,28.7,52.1,1021.0,51,84,0,0,0,0,stable
634,74,98,36.9,8994,34.8,52.4,1013.7,80,84,0,0,0,0,stable
635,73,95,36.3,8994,29.4,47.9,1014.1,21,84,0,0,0,0,stable
636,71,95,36.8,8994,30.8,69.8,1013.7,40,84,0,0,0,0,stable
637,69,94,36.7,8995,27.3,62.2,1009.4,67,84,0,0,0,0,stable
638,65,95,37.3,8997,28.0,46.8,1012.2,54,84,0,0,0,0,stable
639,70,95,36.5,8999,27.1,54.7,1011.3,66,84,0,0,0,0,stable
640,76,96,36.3,9000,31.1,45.7,1006.7,46,84,0,0,0,0,stable
641,78,97,36.1,9001,26.9,55.3,1004.5,61,84,0,0,0,0,stable
642,70,97,36.6,9003,25.8,43.7,1014.7,35,84,0,0,0,0,stable
643,64,97,37.1,9005,22.3,62.4,1001.5,28,84,0,0,0,0,stable
644,80,99,37.0,9005,29.6,61.2,1015.5,38,84,0,0,0,0,stable
645,57,97,36.1,9006,27.5,44.7,1013.9,22,84,0,0,0,0,stable
646,73,97,36.9,9008,26.4,47.2,1015.4,61,84,0,0,0,0,stable
647,62,97,36.2,9009,27.3,61.9,1010.4,53,84,0,0,0,0,stable
648,75,98,36.5,9011,33.6,49.2,1013.8,40,84,0,0,0,0,stable
649,72,96,37.5,9012,27.0,57.6,1015.1,60,84,0,0,0,0,stable
650,66,96,36.5,9014,29.5,60.6,1012.6,77,84,0,0,0,0,stable
651,69,96,36.4,9017,34.4,57.8,1000.9,60,84,0,0,0,0,stable
652,85,99,36.2,9019,27.0,46.8,1013.7,38,84,0,0,0,0,stable
653,77,95,37.0,9022,26.7,59.4,1011.4,90,84,0,0,0,0,stable
654,75,97,36.5,9024,26.6,68.5,1015.4,87,84,0,0,0,0,stable
655,77,99,36.7,9027,28.6,43.9,1001.7,85,84,0,0,0,0,stable
656,66,97,36.3,9029,25.8,42.3,1017.8,74,84,0,0,0,0,stable
657,68,97,36.6,9029,30.7,59.5,1023.2,73,84,0,0,0,0,stable
658,76,96,37.1,9032,20.5,63.5,1018.1,31,84,0,0,0,0,stable
659,78,97,37.2,9035,27.7,63.7,1015.7,54,84,0,0,0,0,stable
660,65,97,36.5,9036,23.1,59.1,1009.4,82,84,0,0,0,0,stable
661,88,97,36.9,9039,25.8,57.8,1021.7,39,84,0,0,0,0,stable
662,72,99,36.9,9041,25.1,44.9,1015.9,51,84,0,0,0,0,stable
663,87,97,35.6,9043,28.3,43.7,1009.9,53,84,0,0,0,0,stable
664,67,96,36.6,9043,26.6,58.4,1010.5,27,84,0,0,0,0,stable
665,79,98,36.6,9045,25.4,35.7,1018.3,65,84,0,0,0,0,stable
666,80,97,36.6,9046,27.1,56.2,1006.3,41,84,0,0,0,0,stable
667,58,96,37.0,9048,24.0,65.9,1016.7,38,84,0,0,0,0,stable
668,83,97,36.4,9049,30.5,59.6,1014.7,48,84,0,0,0,0,stable
669,80,95,36.1,9049,26.3,35.7,1018.5,34,84,0,0,0,0,stable
670,81,94,36.4,9052,28.3,65.4,1008.7,63,84,0,0,0,0,stable
671,77,97,36.7,9053,26.5,51.7,1009.0,46,84,0,0,0,0,stable
672,76,97,36.4,9056,23.1,55.1,1011.5,33,84,0,0,0,0,stable
673,85,97,36.3,9056,26.1,68.6,1016.0,32,84,0,0,0,0,stable
674,77,94,36.9,9058,34.2,60.5,1013.5,55,84,0,0,0,0,stable
675,81,96,37.0,9059,31.0,51.2,1012.9,21,84,0,0,0,0,stable
676,61,96,36.9,9059,27.6,59.5,1012.6,47,84,0,0,0,0,stable
677,87,95,36.1,9059,28.7,58.9,1017.2,68,84,0,0,0,0,stable
678,65,97,36.1,9062,30.8,59.2,1014.7,66,84,0,0,0,0,stable
679,71,95,37.0,9064,28.7,39.3,1015.2,76,84,0,0,0,0,stable
680,75,98,37.1,9067,27.7,63.9,1011.2,21,84,0,0,0,0,stable
681,83,96,37.0,9067,30.0,62.3,1016.4,33,84,0,0,0,0,stable
682,73,94,36.9,9068,30.5,29.7,1004.4,35,84,0,0,0,0,stable
683,74,98,36.0,9070,28.0,55.7,1004.0,71,84,0,0,0,0,stable
684,66,98,37.8,9071,25.3,55.5,1010.6,52,84,0,0,0,0,stable
685,68,97,36.8,9071,27.7,52.7,1013.0,42,84,0,0,0,0,stable
686,65,98,37.0,9071,31.4,48.6,1007.9,83,84,0,0,0,0,stable
687,75,96,36.5,9073,25.0,59.6,1007.2,22,84,0,0,0,0,stable
688,75,96,35.9,9075,30.8,61.5,1008.7,24,84,0,0,0,0,stable
689,83,97,36.9,9078,26.0,47.2,1014.8,69,84,0,0,0,0,stable
690,70,97,36.4,9081,24.1,35.6,1014.5,84,84,0,0,0,0,stable
691,79,97,36.4,9083,26.4,54.0,1014.1,25,84,0,0,0,0,stable
692,79,97,36.9,9085,24.3,47.3,1016.6,65,84,0,0,0,0,stable
693,71,97,36.7,9085,30.2,58.1,1012.0,59,84,0,0,0,0,stable
694,77,97,36.6,9088,27.8,35.4,1008.5,54,84,0,0,0,0,stable
695,82,97,37.0,9090,28.4,38.7,1009.0,32,84,0,0,0,0,stable
696,72,96,36.0,9091,28.1,47.9,1009.9,75,84,0,0,0,0,stable
697,77,98,36.9,9092,27.8,54.3,1014.5,71,84,0,0,0,0,stable
698,77,95,37.3,9094,26.8,53.1,1019.4,87,84,0,0,0,0,stable
699,68,97,36.9,9096,23.8,43.6,1015.5,45,84,0,0,0,0,stable
700,68,97,36.1,9096,27.6,46.6,1008.7,43,84,0,0,0,0,stable
701,69,96,37.3,9099,26.8,69.8,1009.8,27,84,0,0,0,0,stable
702,66,96,36.8,9101,29.4,60.7,1008.7,28,84,0,0,0,0,stable
703,63,95,36.7,9102,30.5,50.9,1014.4,44,84,0,0,0,0,stable
704,88,97,36.5,9105,31.2,53.3,1011.9,40,84,0,0,0,0,stable
705,73,97,36.8,9105,25.7,66.2,1011.7,22,84,0,0,0,0,stable
706,90,97,36.6,9108,30.3,66.9,1008.5,31,84,0,0,0,0,stable
707,61,98,36.9,9108,26.2,36.4,1011.7,87,84,0,0,0,0,stable
708,73,99,36.7,9110,29.5,63.1,1005.9,50,84,0,0,0,0,stable
709,79,96,36.9,9113,29.3,54.6,1019.7,82,84,0,0,0,0,stable
710,61,96,37.1,9114,30.5,75.0,1010.7,38,84,0,0,0,0,stable
711,65,98,36.7,9114,27.4,63.0,1006.8,26,84,0,0,0,0,stable
712,68,95,36.7,9116,31.8,67.5,1008.7,88,84,0,0,0,0,stable
713,84,95,36.0,9118,32.2,47.6,1024.1,50,84,0,0,0,0,stable
714,69,99,36.9,9121,30.7,57.0,1009.1,30,84,0,0,0,0,stable
715,82,94,36.3,9124,28.6,68.2,1006.5,40,84,0,0,0,0,stable
716,70,95,36.4,9126,31.3,52.7,1013.3,26,84,0,0,0,0,stable
717,116,96,36.2,9128,29.5,53.4,1014.9,40,84,1,0,0,0,fall
718,74,98,36.8,9131,23.7,57.3,1008.8,81,84,0,0,0,0,stable
719,76,96,36.9,9133,31.6,58.3,1017.9,43,84,0,0,0,0,stable
720,122,97,38.6,9134,24.6,77.5,1005.5,45,84,0,0,1,0,high_hr
721,72,99,37.2,9135,29.3,63.1,1015.5,35,84,0,0,0,0,stable
722,83,97,36.8,9138,21.2,66.6,1018.4,44,84,0,0,0,0,stable
723,87,96,36.6,9141,32.9,63.4,1007.7,56,84,0,0,0,0,stable
724,112,96,39.4,9144,32.8,63.0,1010.4,78,84,0,0,1,1,dehydration
725,81,97,37.4,9145,22.1,51.4,1005.4,52,84,0,0,0,0,stable
726,83,97,37.6,9147,30.2,78.7,1012.8,25,84,0,0,0,0,stable
727,83,97,35.9,9148,33.6,67.5,1011.7,42,84,0,0,0,0,stable
728,73,98,37.4,9150,25.4,52.4,1007.8,53,84,0,0,0,0,stable
729,75,97,37.3,9152,32.4,62.3,1011.2,53,84,0,0,0,0,stable
730,63,95,36.7,9154,30.6,54.0,1007.2,39,84,0,0,0,0,stable
731,56,96,36.4,9154,25.6,55.3,1014.3,53,84,0,0,0,0,stable
732,78,98,37.3,9157,32.2,45.3,1019.2,82,84,0,0,0,0,stable
733,70,97,36.7,9158,26.3,59.3,1010.7,41,84,0,0,0,0,stable
734,73,94,36.2,9158,26.3,42.2,1011.9,73,84,0,0,0,0,stable
735,79,96,36.5,9160,28.0,48.7,1006.1,70,84,0,0,0,0,stable
736,120,98,39.0,9163,29.6,49.5,1010.1,20,84,0,0,1,1,dehydration
737,72,97,36.4,9164,25.7,55.8,1014.5,56,84,0,0,0,0,stable
738,72,97,37.6,9167,31.2,54.8,1016.7,71,84,0,0,0,0,stable
739,87,98,37.1,9168,32.5,63.4,1017.0,75,84,0,0,0,0,stable
740,72,94,37.1,9168,25.7,60.9,1007.8,82,84,0,0,0,0,stable
741,66,97,36.6,9171,32.0,60.2,1006.6,75,84,0,0,0,0,stable
742,71,96,35.6,9172,27.3,66.1,1010.4,87,84,0,0,0,0,stable
743,81,97,37.3,9173,30.6,51.6,1009.1,51,84,0,0,0,0,stable
744,67,88,36.9,9176,28.4,45.4,1015.9,52,84,0,0,0,0,low_spo2
745,67,98,36.7,9179,27.5,57.7,1015.9,70,84,0,0,0,0,stable
746,81,97,36.6,9182,25.5,49.4,1010.2,43,84,0,0,0,0,stable
747,74,97,37.0,9185,27.7,53.9,1012.9,34,84,0,0,0,0,stable
748,85,97,36.3,9188,28.8,49.0,1021.7,66,84,0,0,0,0,stable
749,66,94,36.4,9189,23.2,59.9,1013.2,22,84,0,0,0,0,stable
750,72,96,37.2,9190,28.6,42.1,1015.8,88,84,0,0,0,0,stable
751,109,97,38.7,9193,28.8,66.0,1011.7,77,84,0,0,1,0,heat_stress
752,69,96,36.0,9193,25.6,70.5,1018.8,75,84,0,0,0,0,stable
753,89,96,36.7,9195,24.0,64.8,1014.2,85,84,0,0,0,0,stable
754,64,96,36.4,9195,23.0,44.7,1012.1,60,84,0,0,0,0,stable
755,68,96,36.2,9197,22.9,44.9,1014.7,40,84,0,0,0,0,stable
756,72,97,36.5,9199,29.8,72.3,1008.4,79,84,0,0,0,0,stable
757,78,97,36.5,9201,20.6,60.1,1004.4,40,84,0,0,0,0,stable
758,69,96,36.7,9202,23.6,61.5,1017.8,73,84,0,0,0,0,stable
759,82,96,36.7,9204,31.8,61.9,1009.8,40,84,0,0,0,0,stable
760,81,99,36.0,9204,27.9,51.3,1011.3,48,84,0,0,0,0,stable
761,48,97,36.8,9206,23.0,70.6,1007.1,85,84,0,0,0,0,stable
762,71,96,37.6,9206,30.3,72.2,1011.6,33,84,0,0,0,0,stable
763,75,96,37.1,9208,30.6,59.6,1016.5,76,84,0,0,0,0,stable
764,74,95,36.9,9209,26.7,59.8,1015.3,73,84,0,0,0,0,stable
765,74,96,36.9,9210,25.1,63.3,1015.5,73,84,0,0,0,0,stable
766,66,98,37.1,9211,32.1,61.8,1017.0,72,84,0,0,0,0,stable
767,89,95,36.1,9214,27.5,55.9,1013.6,86,84,0,0,0,0,stable
768,77,96,36.3,9214,35.8,52.8,1013.9,39,84,0,0,0,0,stable
769,76,96,36.3,9216,24.5,36.8,1018.1,90,84,0,0,0,0,stable
770,82,95,36.6,9217,30.5,51.7,1007.8,46,84,0,0,0,0,stable
771,82,95,36.4,9220,25.8,58.3,1002.8,30,84,0,0,0,0,stable
772,81,97,36.6,9222,23.1,57.7,1018.8,59,84,0,0,0,0,stable
773,60,96,36.8,9224,28.6,55.9,1021.6,74,84,0,0,0,0,stable
774,77,96,37.1,9226,29.1,67.0,1018.9,35,84,0,0,0,0,stable
775,64,97,37.1,9227,28.1,50.2,1016.3,37,84,0,0,0,0,stable
776,71,95,36.7,9229,30.7,49.6,1013.8,74,84,0,0,0,0,stable
777,75,96,37.5,9232,30.4,68.3,1016.5,71,84,0,0,0,0,stable
778,65,96,36.5,9235,29.4,70.3,1012.8,82,84,0,0,0,0,stable
779,73,95,36.9,9238,31.0,65.7,1018.7,87,84,0,0,0,0,stable
780,78,97,36.0,9240,28.8,59.4,1011.8,72,84,0,0,0,0,stable
781,79,97,36.6,9242,31.5,63.5,1012.8,82,84,0,0,0,0,stable
782,78,97,36.8,9244,24.9,60.3,1010.8,82,84,0,0,0,0,stable
783,84,97,36.8,9246,28.4,35.3,1008.7,68,84,0,0,0,0,stable
784,61,97,36.2,9249,24.9,56.1,1005.6,39,84,0,0,0,0,stable
785,78,96,36.9,9250,23.8,62.4,1010.3,25,84,0,0,0,0,stable
786,90,96,36.6,9250,23.7,39.0,1009.1,59,84,0,0,0,0,stable
787,70,96,36.5,9250,27.3,66.7,1011.4,80,84,0,0,0,0,stable
788,72,96,36.4,9252,24.9,56.7,1009.3,76,84,0,0,0,0,stable
789,82,97,36.5,9252,31.6,51.6,1015.7,23,84,0,0,0,0,stable
790,78,96,36.7,9253,29.5,53.6,1016.1,31,84,0,0,0,0,stable
791,85,99,36.6,9254,27.1,58.4,1013.3,69,84,0,0,0,0,stable
792,77,97,36.9,9254,26.6,62.0,1014.2,50,84,0,0,0,0,stable
793,60,97,36.6,9257,29.0,51.5,1012.4,23,84,0,0,0,0,stable
794,69,97,36.9,9257,26.4,55.3,1019.4,36,84,0,0,0,0,stable
795,71,98,37.2,9258,30.1,34.7,1023.4,51,84,0,0,0,0,stable
796,124,96,37.1,9260,26.3,51.5,1010.5,27,84,1,0,0,0,fall
797,82,96,36.1,9262,24.7,58.8,1010.1,85,84,0,0,0,0,stable
798,73,97,36.6,9262,27.8,62.8,1006.0,55,84,0,0,0,0,stable
799,77,96,36.0,9264,27.8,36.6,1002.5,77,84,0,0,0,0,stable
800,72,98,36.6,9266,29.9,70.3,1013.8,20,83,0,0,0,0,stable
801,73,96,36.9,9269,28.1,56.0,1006.8,29,83,0,0,0,0,stable
802,57,96,36.9,9272,25.0,59.4,1008.8,42,83,0,0,0,0,stable
803,81,95,36.9,9273,27.8,48.3,1014.2,22,83,0,0,0,0,stable
804,74,95,36.6,9275,26.1,57.5,1009.7,83,83,0,0,0,0,stable
805,76,96,36.1,9275,28.2,61.2,1021.7,70,83,0,0,0,0,stable
806,78,97,36.5,9276,28.0,59.8,1014.0,28,83,0,0,0,0,stable
807,86,99,37.2,9278,23.1,60.4,1020.0,88,83,0,0,0,0,stable
808,64,95,36.7,9278,27.9,60.4,1009.5,72,83,0,0,0,0,stable
809,72,98,36.3,9279,28.6,76.4,1016.3,88,83,0,0,0,0,stable
810,73,97,36.8,9279,29.2,62.1,1012.8,74,83,0,0,0,0,stable
811,91,96,36.8,9279,30.5,65.5,1013.9,23,83,0,0,0,0,stable
812,64,96,36.5,9280,30.0,73.3,1010.6,62,83,0,0,0,0,stable
813,68,96,37.2,9280,29.8,45.7,1008.3,30,83,0,0,0,0,stable
814,91,96,36.1,9281,32.4,71.7,1016.4,27,83,0,0,0,0,stable
815,70,98,37.3,9283,29.8,61.0,1008.9,72,83,0,0,0,0,stable
816,75,98,36.7,9286,27.6,65.1,1008.2,63,83,0,0,0,0,stable
817,66,95,37.2,9286,28.6,65.7,1017.0,28,83,0,0,0,0,stable
818,61,95,36.9,9288,27.1,40.9,1016.8,76,83,0,0,0,0,stable
819,75,97,36.9,9290,28.4,47.2,1022.6,38,83,0,0,0,0,stable
820,109,97,39.1,9290,30.4,56.5,1022.2,26,83,0,0,1,1,dehydration
821,69,97,37.0,9292,34.2,59.2,1018.3,79,83,0,0,0,0,stable
822,68,96,35.8,9295,24.4,52.8,1015.1,25,83,0,0,0,0,stable
823,56,97,36.3,9296,24.5,56.1,1021.1,62,83,0,0,0,0,stable
824,76,95,36.1,9296,31.3,57.2,1013.6,34,83,0,1,0,0,sos
825,79,98,36.1,9296,23.1,57.6,1016.9,48,83,0,0,0,0,stable
826,83,95,36.4,9296,31.2,58.5,1016.5,32,83,0,0,0,0,stable
827,85,97,36.2,9297,31.6,52.5,1016.5,67,83,0,0,0,0,stable
828,63,94,38.1,9297,26.5,70.2,1020.0,36,83,0,0,0,0,stable
829,75,96,36.4,9298,30.0,69.9,1009.0,44,83,0,0,0,0,stable
830,78,96,36.9,9300,29.8,68.6,1006.0,82,83,0,0,0,0,stable
831,74,97,36.1,9303,28.8,55.1,1005.8,85,83,0,0,0,0,stable
832,67,98,37.0,9306,32.3,52.5,1007.3,54,83,0,0,0,0,stable
833,64,96,36.8,9307,23.8,48.0,1014.1,47,83,0,0,0,0,stable
834,68,99,35.9,9307,25.0,57.8,1014.6,76,83,0,0,0,0,stable
835,68,96,37.2,9310,28.9,45.0,1014.0,83,83,0,0,0,0,stable
836,70,98,36.8,9312,30.0,61.8,1010.6,84,83,0,0,0,0,stable
837,62,96,36.9,9312,21.3,47.0,1017.8,62,83,0,0,0,0,stable
838,76,98,36.5,9314,33.2,60.0,1019.3,37,83,0,0,0,0,stable
839,116,96,38.8,9317,21.4,72.5,1009.9,21,83,0,0,1,0,heat_stress
840,64,97,36.7,9318,26.3,53.9,1009.6,49,83,0,0,0,0,stable
841,60,96,36.7,9318,23.2,52.5,1016.0,73,83,0,0,0,0,stable
842,76,98,36.3,9319,27.0,49.4,1020.7,83,83,0,0,0,0,stable
843,79,94,36.5,9322,30.6,56.2,1005.4,58,83,0,0,0,0,stable
844,73,97,36.9,9324,21.4,38.7,1009.3,70,83,0,0,0,0,stable
845,79,96,36.3,9324,30.4,42.8,1024.2,58,83,0,0,0,0,stable
846,77,97,36.6,9327,27.8,61.6,1013.6,69,83,0,0,0,0,stable
847,72,97,36.6,9327,27.0,64.3,1021.7,72,83,0,0,0,0,stable
848,55,99,37.0,9330,30.3,74.2,1010.2,36,83,0,0,0,0,stable
849,78,96,36.9,9332,24.0,44.9,1009.9,78,83,0,0,0,0,stable
850,73,97,36.8,9333,28.9,33.3,1011.2,82,83,0,0,0,0,stable
851,63,97,36.7,9336,25.5,44.0,1020.9,58,83,0,0,0,0,stable
852,62,98,36.9,9339,25.5,33.8,1015.9,43,83,0,0,0,0,stable
853,72,96,36.7,9340,27.1,52.9,1020.0,57,83,0,0,0,0,stable
854,72,96,36.6,9343,21.6,67.7,1012.7,67,83,0,0,0,0,stable
855,77,97,36.7,9345,25.3,55.8,1014.5,23,83,0,0,0,0,stable
856,85,97,36.7,9346,25.1,53.8,1013.4,34,83,0,0,0,0,stable
857,72,96,36.5,9346,25.1,47.9,1011.9,76,83,0,0,0,0,stable
858,114,98,38.7,9346,26.5,45.3,1011.9,29,83,0,0,1,0,heat_stress
859,73,96,36.6,9346,31.2,64.6,1009.2,76,83,0,0,0,0,stable
860,68,94,36.9,9346,24.0,48.4,1015.7,26,83,0,0,0,0,stable
861,71,96,36.5,9347,29.4,55.6,1013.9,23,83,0,0,0,0,stable
862,81,96,36.9,9347,32.2,60.5,1004.0,41,83,0,0,0,0,stable
863,73,96,36.0,9348,27.6,38.5,1004.8,70,83,0,0,0,0,stable
864,77,96,36.8,9351,30.7,54.1,1012.4,47,83,0,0,0,0,stable
865,71,97,36.9,9351,24.0,62.7,1009.6,83,83,0,0,0,0,stable
866,77,96,35.5,9352,25.9,54.9,1015.2,61,83,0,0,0,0,stable
867,86,96,36.2,9354,20.8,62.7,1020.6,60,83,0,0,0,0,stable
868,85,96,36.8,9357,28.2,44.4,1017.8,49,83,0,0,0,0,stable
869,61,96,36.8,9357,28.1,49.1,1020.6,51,83,0,0,0,0,stable
870,71,96,36.5,9358,29.8,50.4,1010.1,76,83,0,0,0,0,stable
871,73,95,36.6,9361,32.2,50.1,1009.7,23,83,0,0,0,0,stable
872,75,98,36.6,9362,29.7,59.9,1005.7,48,83,0,0,0,0,stable
873,67,96,36.5,9365,30.9,60.9,1014.4,38,83,0,1,0,0,sos
874,77,96,36.9,9366,31.4,55.3,1015.0,79,83,0,0,0,0,stable
875,69,98,36.7,9368,29.9,31.8,1006.9,45,83,0,0,0,0,stable
876,72,99,37.6,9369,31.9,44.7,1014.0,75,83,0,0,0,0,stable
877,74,94,36.7,9369,27.4,56.3,1001.7,88,83,0,0,0,0,stable
878,81,98,36.7,9372,31.3,44.4,1010.8,62,83,0,0,0,0,stable
879,116,98,39.0,9375,29.6,46.4,1015.9,70,83,0,0,1,1,dehydration
880,81,96,36.1,9378,28.3,78.5,1002.7,35,83,0,0,0,0,stable
881,66,98,36.8,9380,31.0,43.4,1012.7,67,83,0,0,0,0,stable
882,70,95,37.3,9380,25.8,63.3,1010.8,23,83,0,0,0,0,stable
883,70,95,36.7,9382,31.3,55.2,1019.6,40,83,0,0,0,0,stable
884,87,97,36.2,9382,22.7,48.6,1012.6,74,83,0,0,0,0,stable
885,78,98,36.5,9385,24.7,41.0,1008.8,31,83,0,0,0,0,stable
886,82,97,36.9,9386,22.7,64.1,1010.9,59,83,0,0,0,0,stable
887,78,97,36.5,9389,28.1,40.6,1011.9,75,83,0,0,0,0,stable
888,77,98,36.6,9389,26.1,37.5,1015.8,43,83,0,0,0,0,stable
889,78,98,36.8,9392,26.2,34.4,1017.0,33,83,0,0,0,0,stable
890,77,96,36.6,9394,30.8,62.2,1013.7,82,83,0,0,0,0,stable
891,72,96,37.3,9394,29.9,65.0,1016.5,20,83,0,1,0,0,sos
892,67,98,37.0,9396,27.4,47.8,1010.2,63,83,0,0,0,0,stable
893,88,96,37.3,9396,26.4,75.1,1011.4,32,83,0,0,0,0,stable
894,90,97,36.1,9396,31.3,38.8,1007.0,55,83,0,0,0,0,stable
895,86,96,36.7,9399,31.3,40.4,1012.3,20,83,0,0,0,0,stable
896,94,96,36.7,9399,27.5,71.0,1011.5,76,83,0,0,0,0,stable
897,74,98,36.7,9402,22.7,74.7,1012.2,32,83,0,0,0,0,stable
898,73,96,36.8,9402,29.6,67.4,1019.4,58,83,0,0,0,0,stable
899,87,93,37.1,9402,27.7,42.6,1013.7,51,83,0,0,0,0,stable
900,77,98,36.6,9402,26.9,67.3,1022.7,69,83,0,0,0,0,stable
901,74,96,36.7,9402,31.4,43.5,1003.2,82,83,0,0,0,0,stable
902,84,97,37.3,9402,23.0,49.0,1009.2,68,83,0,0,0,0,stable
903,66,95,37.1,9404,27.3,58.2,1014.4,31,83,0,0,0,0,stable
904,68,98,37.1,9405,34.6,70.0,1003.1,20,83,0,0,0,0,stable
905,70,98,36.8,9407,30.8,61.9,1001.9,36,83,0,0,0,0,stable
906,63,96,36.8,9410,31.0,47.6,1021.4,57,83,0,0,0,0,stable
907,78,95,36.2,9410,29.1,48.0,1010.5,35,83,0,0,0,0,stable
908,71,99,36.2,9412,26.1,52.2,1008.3,62,83,0,0,0,0,stable
909,81,98,37.2,9412,22.3,70.3,1009.0,82,83,0,0,0,0,stable
910,73,95,37.1,9412,21.9,46.3,1011.7,80,83,0,0,0,0,stable
911,87,96,36.3,9413,30.3,51.2,1007.0,32,83,0,0,0,0,stable
912,83,98,36.1,9415,25.4,49.2,1013.8,37,83,0,0,0,0,stable
913,65,97,36.9,9416,26.8,54.9,1012.3,33,83,0,0,0,0,stable
914,63,93,37.3,9417,33.9,59.0,1012.0,80,83,0,0,0,0,stable
915,75,97,37.3,9418,27.5,47.9,1009.4,24,83,0,0,0,0,stable
916,79,97,36.5,9421,31.8,60.0,997.8,31,83,0,0,0,0,stable
917,76,94,36.5,9423,26.0,60.0,1013.2,35,83,0,0,0,0,stable
918,62,97,36.6,9426,28.0,52.5,1021.2,43,83,0,0,0,0,stable
919,47,100,36.6,9428,25.6,75.2,1017.3,88,83,0,0,0,0,stable
920,79,99,37.2,9431,28.5,72.5,1016.7,88,83,0,0,0,0,stable
921,70,94,37.2,9431,31.5,60.7,1019.1,43,83,0,0,0,0,stable
922,82,97,36.7,9432,28.8,61.6,1015.0,24,83,0,0,0,0,stable
923,77,97,36.4,9432,35.4,55.0,1014.5,86,83,0,0,0,0,stable
924,79,96,36.5,9434,27.6,26.1,1010.9,65,83,0,0,0,0,stable
925,66,88,36.5,9435,23.9,67.4,1020.7,47,83,0,0,0,0,low_spo2
926,84,96,36.8,9438,30.8,61.9,1014.7,68,83,0,0,0,0,stable
927,71,96,35.8,9439,30.0,51.3,1012.6,54,83,0,0,0,0,stable
928,86,96,36.8,9440,30.7,49.9,1014.4,75,83,0,0,0,0,stable
929,59,99,36.7,9443,30.4,68.1,1015.9,66,83,0,0,0,0,stable
930,85,95,37.1,9443,32.3,36.1,1022.2,68,83,0,0,0,0,stable
931,87,96,37.0,9446,30.6,62.6,1015.6,56,83,0,0,0,0,stable
932,63,96,36.9,9449,26.9,62.6,1021.2,88,83,0,0,0,0,stable
933,58,96,36.3,9450,30.3,52.0,1010.7,54,83,0,0,0,0,stable
934,86,97,37.3,9453,27.2,53.3,1009.9,65,83,0,0,0,0,stable
935,76,95,36.6,9454,31.1,48.3,1022.3,59,83,0,0,0,0,stable
936,68,97,36.8,9454,28.7,56.7,1014.5,56,83,0,0,0,0,stable
937,65,96,37.4,9455,22.5,43.1,1013.8,88,83,0,0,0,0,stable
938,71,95,36.0,9458,23.6,50.1,1005.0,51,83,0,0,0,0,stable
939,85,96,38.0,9458,22.6,34.8,1004.9,87,83,0,0,0,0,stable
940,78,96,36.6,9458,29.2,46.4,1015.3,67,83,0,0,0,0,stable
941,81,96,36.4,9458,22.9,52.1,1018.6,53,83,0,0,0,0,stable
942,77,98,36.4,9458,27.1,74.4,1008.8,82,83,0,0,0,0,stable
943,74,97,36.4,9460,28.6,60.0,1011.0,65,83,0,0,0,0,stable
944,82,97,36.9,9463,31.5,63.2,1017.1,39,83,0,0,0,0,stable
945,74,96,36.3,9464,28.5,47.3,1012.1,76,83,0,0,0,0,stable
946,69,95,37.1,9465,31.8,61.3,1015.6,37,83,0,1,0,0,sos
947,63,98,36.9,9468,27.0,82.6,1009.4,35,83,0,0,0,0,stable
948,65,97,36.9,9471,23.5,32.3,1012.9,69,83,0,0,0,0,stable
949,87,99,36.8,9471,26.5,55.8,1009.3,63,83,0,0,0,0,stable
950,64,97,37.2,9471,28.2,55.5,1009.2,39,83,0,0,0,0,stable
951,73,96,36.7,9472,29.5,49.7,1008.4,80,83,0,0,0,0,stable
952,70,94,36.6,9473,24.6,55.7,1015.6,24,83,0,0,0,0,stable
953,73,97,36.7,9473,28.5,46.1,1017.2,49,83,0,0,0,0,stable
954,75,98,37.1,9473,29.2,54.0,1017.0,64,83,0,0,0,0,stable
955,131,96,36.9,9475,26.8,57.7,1018.5,32,83,1,0,0,0,fall
956,68,97,36.3,9475,28.1,48.0,1005.2,36,83,0,0,0,0,stable
957,67,98,36.3,9477,32.0,55.6,1017.0,69,83,0,0,0,0,stable
958,77,89,36.3,9478,25.0,48.6,1002.1,29,83,0,0,0,0,low_spo2
959,84,96,36.6,9479,31.2,61.3,1013.9,90,83,0,0,0,0,stable
960,69,94,36.7,9481,22.2,63.6,1009.7,35,83,0,0,0,0,stable
961,76,96,35.9,9481,31.4,59.0,1016.5,36,83,0,0,0,0,stable
962,69,99,37.7,9484,31.0,42.7,1013.2,85,83,0,0,0,0,stable
963,78,96,36.7,9487,25.0,49.7,1010.9,20,83,0,0,0,0,stable
964,77,97,36.4,9490,22.2,39.0,1012.8,53,83,0,0,0,0,stable
965,72,97,36.6,9490,24.3,46.9,1012.1,38,83,0,0,0,0,stable
966,80,96,37.2,9491,32.5,61.9,1012.8,34,83,0,0,0,0,stable
967,81,97,36.4,9493,26.2,53.2,1008.0,57,83,0,0,0,0,stable
968,72,97,37.0,9495,22.9,66.9,1025.0,88,83,0,0,0,0,stable
969,65,94,37.2,9498,26.5,62.3,1011.7,90,83,0,0,0,0,stable
970,76,98,36.6,9501,29.8,59.1,1016.0,75,83,0,0,0,0,stable
971,62,98,36.9,9502,29.1,59.4,1018.4,43,83,0,0,0,0,stable
972,73,96,36.8,9503,29.6,58.5,1013.8,51,83,0,0,0,0,stable
973,62,97,36.2,9503,30.8,47.2,1010.1,22,83,0,0,0,0,stable
974,75,97,37.2,9503,21.9,52.4,1024.7,21,83,0,0,0,0,stable
975,74,96,36.8,9503,24.4,58.4,1018.5,76,83,0,0,0,0,stable
976,76,96,36.4,9505,28.3,51.4,1011.2,25,83,0,0,0,0,stable
977,79,97,35.9,9506,27.6,65.4,1013.8,38,83,0,0,0,0,stable
978,70,97,37.2,9506,25.8,24.4,1013.8,48,83,0,0,0,0,stable
979,90,98,36.4,9506,31.2,65.8,1008.8,42,83,0,0,0,0,stable
980,67,97,36.9,9508,30.9,49.2,1010.1,33,83,0,0,0,0,stable
981,72,98,36.5,9508,29.7,59.8,1003.3,39,83,0,0,0,0,stable
982,74,96,37.0,9511,30.6,56.9,1010.7,74,83,0,0,0,0,stable
983,80,96,37.8,9514,33.2,48.0,1017.7,81,83,0,0,0,0,stable
984,71,95,36.8,9515,25.4,45.6,1017.2,88,83,0,0,0,0,stable
985,64,96,36.9,9518,25.3,37.9,1011.5,48,83,0,0,0,0,stable
986,109,96,39.0,9518,28.2,63.6,1014.7,37,83,0,0,1,1,dehydration
987,72,97,37.3,9519,21.6,56.7,1016.5,37,83,0,0,0,0,stable
988,83,98,37.1,9522,31.8,44.2,1018.6,29,83,0,0,0,0,stable
989,63,97,36.8,9523,29.4,66.5,1016.0,73,83,0,0,0,0,stable
990,76,97,36.7,9525,23.0,39.3,1014.5,76,83,0,0,0,0,stable
991,76,95,36.6,9525,29.7,50.1,1011.1,40,83,0,0,0,0,stable
992,89,97,36.4,9527,22.5,65.3,1010.1,49,83,0,0,0,0,stable
993,69,97,37.2,9528,27.4,54.6,1007.9,27,83,0,0,0,0,stable
994,74,97,36.7,9531,24.2,40.6,1014.0,71,83,0,0,0,0,stable
995,76,96,36.9,9531,23.9,62.5,1015.9,62,83,0,0,0,0,stable
996,80,97,36.6,9533,27.7,57.6,1016.1,24,83,0,0,0,0,stable
997,74,97,36.6,9536,27.6,63.3,1014.2,59,83,0,0,0,0,stable
998,81,97,36.6,9539,31.0,50.9,999.7,32,83,0,0,0,0,stable
999,65,99,36.2,9539,27.9,46.6,1010.4,24,83,0,0,0,0,stable
